{
  "loss": [
    0.001504142303019762,
    0.00048176865675486624,
    0.00043441372690722346,
    0.0003789124311879277,
    0.00038393359864130616,
    0.0003164935333188623,
    0.0002838742220774293,
    0.00029534430359490216,
    0.00029173618531785905,
    0.0002715514274314046,
    0.0002459710231050849,
    0.0002313257718924433,
    0.00024785895948298275,
    0.00023146538296714425,
    0.00022899580653756857,
    0.0002233395352959633,
    0.0002192712272517383,
    0.00020017303177155554,
    0.00020708705415017903,
    0.00020932800543960184,
    0.00019371281086932868,
    0.00021476221445482224,
    0.00018551480025053024,
    0.00021209560509305447,
    0.00020996085368096828,
    0.00020265058265067637,
    0.00018672965234145522,
    0.0001950605510501191,
    0.000201637129066512,
    0.00020305824000388384,
    0.0002074724034173414,
    0.00018701227963902056,
    0.000200188034796156,
    0.00019195732602383941
  ],
  "val_loss": [
    6.40922153252177e-05,
    4.9286765715805814e-05,
    4.809879828826524e-05,
    0.0001401383924530819,
    4.0881659515434876e-05,
    6.531894905492663e-05,
    6.421250145649537e-05,
    3.456636841292493e-05,
    3.991917401435785e-05,
    7.448864926118404e-05,
    3.831445792457089e-05,
    3.2866013498278335e-05,
    2.9713664844166487e-05,
    3.152320641675033e-05,
    3.172343349433504e-05,
    3.174119774485007e-05,
    3.1272589694708586e-05,
    3.1931303965393454e-05,
    3.073360858252272e-05,
    2.854295598808676e-05,
    3.1818057323107496e-05,
    2.8750695491908118e-05,
    2.8719992769765668e-05,
    2.7627456802292727e-05,
    3.3164578780997545e-05,
    2.8661537726293318e-05,
    2.973084156110417e-05,
    2.935943666670937e-05,
    2.7973179385298863e-05,
    2.9329808967304416e-05,
    3.290659515187144e-05,
    2.7961710657109506e-05,
    2.8625954655581154e-05,
    2.781119110295549e-05
  ],
  "mae": [
    0.03395603597164154,
    0.02058420330286026,
    0.019783634692430496,
    0.01795397885143757,
    0.01826593652367592,
    0.016202855855226517,
    0.014944442547857761,
    0.015419666655361652,
    0.0151283610612154,
    0.014274264685809612,
    0.013868395239114761,
    0.013207787647843361,
    0.013369225896894932,
    0.013166888616979122,
    0.012712755240499973,
    0.012782277539372444,
    0.012300076894462109,
    0.012113597244024277,
    0.012302663177251816,
    0.012267861515283585,
    0.01189709547907114,
    0.012294929474592209,
    0.011511417105793953,
    0.012361681088805199,
    0.01216287910938263,
    0.01209659967571497,
    0.011839622631669044,
    0.011666395701467991,
    0.011828658170998096,
    0.011765246279537678,
    0.012016288936138153,
    0.01166231743991375,
    0.011769423261284828,
    0.011737623251974583
  ],
  "val_mae": [
    0.00851037260144949,
    0.007438150234520435,
    0.007201449014246464,
    0.014676891267299652,
    0.006727508269250393,
    0.009114781394600868,
    0.00908905640244484,
    0.006153968628495932,
    0.006953564938157797,
    0.010476591065526009,
    0.006567356642335653,
    0.00583484536036849,
    0.005413711536675692,
    0.005650426726788282,
    0.0057036373764276505,
    0.0057945651933550835,
    0.005739495623856783,
    0.005883339326828718,
    0.005679544061422348,
    0.005327449645847082,
    0.005919506307691336,
    0.005431401077657938,
    0.00533855939283967,
    0.005274343769997358,
    0.006136497016996145,
    0.0054553197696805,
    0.005474524572491646,
    0.00543825002387166,
    0.005324667319655418,
    0.005426796618849039,
    0.006077513098716736,
    0.005341538228094578,
    0.005465789698064327,
    0.00532467570155859
  ],
  "epochs": 34,
  "hyperparameters": {
    "sequence_length": 30,
    "batch_size": 32,
    "epochs": 100,
    "patience_early_stop": 10,
    "patience_lr_reduce": 5,
    "validation_split": 0.1,
    "test_split": 0.2,
    "lstm_units_1": 64,
    "lstm_units_2": 32,
    "dropout_rate": 0.2,
    "learning_rate_factor": 0.5,
    "min_learning_rate": 1e-07
  },
  "technical_parameters": {
    "rsi_window": 14,
    "ema_window": 30,
    "sma_10_window": 10,
    "sma_50_window": 50,
    "bollinger_window": 20,
    "bollinger_std": 2
  }
}