{
  "loss": [
    0.00460255891084671,
    0.0015663302037864923,
    0.0011471317848190665,
    0.0010859040776267648,
    0.0011583681916818023,
    0.0008960092673078179,
    0.0007828391971997917,
    0.0007280699792318046,
    0.0007929490529932082,
    0.000701316399499774,
    0.0007052247528918087,
    0.0006822661962360144,
    0.0006843240698799491,
    0.0007088517886586487,
    0.0006175654707476497,
    0.0006927218055352569,
    0.0006126894732005894,
    0.0006665423861704767,
    0.000583743560127914,
    0.00055116560542956,
    0.0005714723956771195,
    0.0006070516537874937,
    0.000570859236177057,
    0.0006285333074629307
  ],
  "val_loss": [
    0.00029349455144256353,
    0.00020168990886304528,
    0.0005064431461505592,
    0.0006859445129521191,
    0.0007891170680522919,
    0.0005241784383542836,
    0.0004693684750236571,
    0.00013651711924467236,
    0.0006255367770791054,
    0.0002635091368574649,
    0.00042758940253406763,
    0.0001445192756364122,
    0.00014738172467332333,
    0.00012767220323439687,
    0.0004324077453929931,
    0.00040235620690509677,
    0.00034441237221471965,
    0.0002253548300359398,
    0.00022174401965457946,
    0.0001654023362789303,
    0.00025924394140020013,
    0.00017346139065921307,
    0.00019457237794995308,
    0.00016521342331543565
  ],
  "mae": [
    0.057135775685310364,
    0.03394843637943268,
    0.028902612626552582,
    0.028600681573152542,
    0.028202546760439873,
    0.025585317984223366,
    0.023009277880191803,
    0.022419288754463196,
    0.022831248119473457,
    0.021969137713313103,
    0.02162475511431694,
    0.02143164910376072,
    0.021172210574150085,
    0.021076731383800507,
    0.019915681332349777,
    0.021414462476968765,
    0.020207969471812248,
    0.02040870301425457,
    0.01955263875424862,
    0.0193187166005373,
    0.019501585513353348,
    0.019870415329933167,
    0.019217250868678093,
    0.019766079261898994
  ],
  "val_mae": [
    0.01812220923602581,
    0.014328274875879288,
    0.026857459917664528,
    0.0327143557369709,
    0.03598514944314957,
    0.028121542185544968,
    0.0262727290391922,
    0.012274852022528648,
    0.031203625723719597,
    0.018158581107854843,
    0.024650538340210915,
    0.012716198340058327,
    0.012779992073774338,
    0.011964943259954453,
    0.025001714006066322,
    0.023890605196356773,
    0.02173072285950184,
    0.016490526497364044,
    0.016338225454092026,
    0.013688032515347004,
    0.01816914603114128,
    0.014105715788900852,
    0.01512202713638544,
    0.013666873797774315
  ],
  "epochs": 24,
  "hyperparameters": {
    "sequence_length": 30,
    "batch_size": 32,
    "epochs": 100,
    "patience_early_stop": 10,
    "patience_lr_reduce": 5,
    "validation_split": 0.1,
    "test_split": 0.2,
    "lstm_units_1": 64,
    "lstm_units_2": 32,
    "dropout_rate": 0.2,
    "learning_rate_factor": 0.5,
    "min_learning_rate": 1e-07
  },
  "technical_parameters": {
    "rsi_window": 14,
    "ema_window": 30,
    "sma_10_window": 10,
    "sma_50_window": 50,
    "bollinger_window": 20,
    "bollinger_std": 2
  }
}